id;title;sort_order;date_added;date_modified;status
1;mobile Fish;77969;2019-10-05;2019-10-05;DISABLED
2;Practical Fresh Pants;60111;2019-10-05;2019-10-04;RESTRICTED
3;Implementation Electronics Officer;61748;2019-10-05;2019-10-05;AVAILABLE
4;Investment Account Steel;29214;2019-10-04;2019-10-05;AVAILABLE
5;Savings Account syndicate Planner;46676;2019-10-05;2019-10-04;AVAILABLE
6;Factors;96563;2019-10-05;2019-10-04;RESTRICTED
7;Monitored Bahamian Dollar Investment Account;83319;2019-10-05;2019-10-05;RESTRICTED
8;Costa Rica Mayotte;18485;2019-10-05;2019-10-04;RESTRICTED
9;capacitor archive;57044;2019-10-05;2019-10-05;AVAILABLE
10;scale interactive generating;35675;2019-10-04;2019-10-05;AVAILABLE
